index,geometry,center_x,center_y,center,poly_area_km
17,"POLYGON ((-4.3832006 55.92127669999997, -4.373200600000001 55.92127669999997, -4.373200600000001 55.91127669999997, -4.3832006 55.91127669999997, -4.3832006 55.92127669999997))",-4.3782006,55.91627669999996,POINT (-4.3782006 55.91627669999996),2.2112681167374717
18,"POLYGON ((-4.3832006 55.91127669999997, -4.373200600000001 55.91127669999997, -4.373200600000001 55.90127669999998, -4.3832006 55.90127669999998, -4.3832006 55.91127669999997))",-4.3782006,55.90627669999997,POINT (-4.3782006 55.90627669999997),2.2106979188596925
19,"POLYGON ((-4.3832006 55.90127669999998, -4.373200600000001 55.90127669999998, -4.373200600000001 55.89127669999998, -4.3832006 55.89127669999998, -4.3832006 55.90127669999998))",-4.3782006,55.89627669999997,POINT (-4.3782006 55.89627669999997),2.2101280822766713
20,"POLYGON ((-4.3832006 55.89127669999998, -4.373200600000001 55.89127669999998, -4.373200600000001 55.88127669999998, -4.3832006 55.88127669999998, -4.3832006 55.89127669999998))",-4.3782006,55.886276699999975,POINT (-4.3782006 55.88627669999997),2.2095586066722026
23,"POLYGON ((-4.3832006 55.86127669999998, -4.373200600000001 55.86127669999998, -4.373200600000001 55.85127669999999, -4.3832006 55.85127669999999, -4.3832006 55.86127669999998))",-4.3782006,55.85627669999998,POINT (-4.3782006 55.85627669999998),2.2078523426053644
26,"POLYGON ((-4.3832006 55.83127669999999, -4.373200600000001 55.83127669999999, -4.373200600000001 55.82127669999999, -4.3832006 55.82127669999999, -4.3832006 55.83127669999999))",-4.3782006,55.82627669999999,POINT (-4.3782006 55.82627669999999),2.2061493160833505
33,"POLYGON ((-4.373200600000001 55.92127669999997, -4.363200600000001 55.92127669999997, -4.363200600000001 55.91127669999997, -4.373200600000001 55.91127669999997, -4.373200600000001 55.92127669999997))",-4.368200600000001,55.91627669999996,POINT (-4.368200600000001 55.91627669999996),2.2112681167374717
34,"POLYGON ((-4.373200600000001 55.91127669999997, -4.363200600000001 55.91127669999997, -4.363200600000001 55.90127669999998, -4.373200600000001 55.90127669999998, -4.373200600000001 55.91127669999997))",-4.368200600000001,55.90627669999997,POINT (-4.368200600000001 55.90627669999997),2.2106979188596925
35,"POLYGON ((-4.373200600000001 55.90127669999998, -4.363200600000001 55.90127669999998, -4.363200600000001 55.89127669999998, -4.373200600000001 55.89127669999998, -4.373200600000001 55.90127669999998))",-4.368200600000001,55.89627669999997,POINT (-4.368200600000001 55.89627669999997),2.2101280822766713
36,"POLYGON ((-4.373200600000001 55.89127669999998, -4.363200600000001 55.89127669999998, -4.363200600000001 55.88127669999998, -4.373200600000001 55.88127669999998, -4.373200600000001 55.89127669999998))",-4.368200600000001,55.886276699999975,POINT (-4.368200600000001 55.88627669999997),2.2095586066722026
40,"POLYGON ((-4.373200600000001 55.85127669999999, -4.363200600000001 55.85127669999999, -4.363200600000001 55.84127669999999, -4.373200600000001 55.84127669999999, -4.373200600000001 55.85127669999999))",-4.368200600000001,55.8462767,POINT (-4.368200600000001 55.8462767),2.207284307786213
41,"POLYGON ((-4.373200600000001 55.84127669999999, -4.363200600000001 55.84127669999999, -4.363200600000001 55.83127669999999, -4.373200600000001 55.83127669999999, -4.373200600000001 55.84127669999999))",-4.368200600000001,55.836276699999985,POINT (-4.368200600000001 55.83627669999998),2.206716632384277
42,"POLYGON ((-4.373200600000001 55.83127669999999, -4.363200600000001 55.83127669999999, -4.363200600000001 55.82127669999999, -4.373200600000001 55.82127669999999, -4.373200600000001 55.83127669999999))",-4.368200600000001,55.82627669999999,POINT (-4.368200600000001 55.82627669999999),2.2061493160833505
44,"POLYGON ((-4.373200600000001 55.81127669999999, -4.363200600000001 55.81127669999999, -4.363200600000001 55.8012767, -4.373200600000001 55.8012767, -4.373200600000001 55.81127669999999))",-4.368200600000001,55.80627669999999,POINT (-4.368200600000001 55.80627669999999),2.205015759550802
45,"POLYGON ((-4.373200600000001 55.8012767, -4.363200600000001 55.8012767, -4.363200600000001 55.7912767, -4.373200600000001 55.7912767, -4.373200600000001 55.8012767))",-4.368200600000001,55.79627670000001,POINT (-4.368200600000001 55.79627670000001),2.204449518689877
49,"POLYGON ((-4.363200600000001 55.92127669999997, -4.353200600000001 55.92127669999997, -4.353200600000001 55.91127669999997, -4.363200600000001 55.91127669999997, -4.363200600000001 55.92127669999997))",-4.358200600000001,55.91627669999996,POINT (-4.358200600000001 55.91627669999996),2.2112681167374717
50,"POLYGON ((-4.363200600000001 55.91127669999997, -4.353200600000001 55.91127669999997, -4.353200600000001 55.90127669999998, -4.363200600000001 55.90127669999998, -4.363200600000001 55.91127669999997))",-4.358200600000001,55.90627669999997,POINT (-4.358200600000001 55.90627669999997),2.2106979188596925
51,"POLYGON ((-4.363200600000001 55.90127669999998, -4.353200600000001 55.90127669999998, -4.353200600000001 55.89127669999998, -4.363200600000001 55.89127669999998, -4.363200600000001 55.90127669999998))",-4.358200600000001,55.89627669999997,POINT (-4.358200600000001 55.89627669999997),2.2101280822766713
52,"POLYGON ((-4.363200600000001 55.89127669999998, -4.353200600000001 55.89127669999998, -4.353200600000001 55.88127669999998, -4.363200600000001 55.88127669999998, -4.363200600000001 55.89127669999998))",-4.358200600000001,55.886276699999975,POINT (-4.358200600000001 55.88627669999997),2.2095586066722026
53,"POLYGON ((-4.363200600000001 55.88127669999998, -4.353200600000001 55.88127669999998, -4.353200600000001 55.87127669999998, -4.363200600000001 55.87127669999998, -4.363200600000001 55.88127669999998))",-4.358200600000001,55.87627669999998,POINT (-4.358200600000001 55.87627669999998),2.208989491734226
55,"POLYGON ((-4.363200600000001 55.86127669999998, -4.353200600000001 55.86127669999998, -4.353200600000001 55.85127669999999, -4.363200600000001 55.85127669999999, -4.363200600000001 55.86127669999998))",-4.358200600000001,55.85627669999998,POINT (-4.358200600000001 55.85627669999998),2.2078523426053644
56,"POLYGON ((-4.363200600000001 55.85127669999999, -4.353200600000001 55.85127669999999, -4.353200600000001 55.84127669999999, -4.363200600000001 55.84127669999999, -4.363200600000001 55.85127669999999))",-4.358200600000001,55.8462767,POINT (-4.358200600000001 55.8462767),2.207284307786213
57,"POLYGON ((-4.363200600000001 55.84127669999999, -4.353200600000001 55.84127669999999, -4.353200600000001 55.83127669999999, -4.363200600000001 55.83127669999999, -4.363200600000001 55.84127669999999))",-4.358200600000001,55.836276699999985,POINT (-4.358200600000001 55.83627669999998),2.206716632384277
58,"POLYGON ((-4.363200600000001 55.83127669999999, -4.353200600000001 55.83127669999999, -4.353200600000001 55.82127669999999, -4.363200600000001 55.82127669999999, -4.363200600000001 55.83127669999999))",-4.358200600000001,55.82627669999999,POINT (-4.358200600000001 55.82627669999999),2.2061493160833505
59,"POLYGON ((-4.363200600000001 55.82127669999999, -4.353200600000001 55.82127669999999, -4.353200600000001 55.81127669999999, -4.363200600000001 55.81127669999999, -4.363200600000001 55.82127669999999))",-4.358200600000001,55.816276699999996,POINT (-4.358200600000001 55.8162767),2.205582358577595
60,"POLYGON ((-4.363200600000001 55.81127669999999, -4.353200600000001 55.81127669999999, -4.353200600000001 55.8012767, -4.363200600000001 55.8012767, -4.363200600000001 55.81127669999999))",-4.358200600000001,55.80627669999999,POINT (-4.358200600000001 55.80627669999999),2.205015759550802
61,"POLYGON ((-4.363200600000001 55.8012767, -4.353200600000001 55.8012767, -4.353200600000001 55.7912767, -4.363200600000001 55.7912767, -4.363200600000001 55.8012767))",-4.358200600000001,55.79627670000001,POINT (-4.358200600000001 55.79627670000001),2.204449518689877
65,"POLYGON ((-4.353200600000001 55.92127669999997, -4.343200600000001 55.92127669999997, -4.343200600000001 55.91127669999997, -4.353200600000001 55.91127669999997, -4.353200600000001 55.92127669999997))",-4.348200600000001,55.91627669999996,POINT (-4.348200600000001 55.91627669999996),2.2112681167374717
67,"POLYGON ((-4.353200600000001 55.90127669999998, -4.343200600000001 55.90127669999998, -4.343200600000001 55.89127669999998, -4.353200600000001 55.89127669999998, -4.353200600000001 55.90127669999998))",-4.348200600000001,55.89627669999997,POINT (-4.348200600000001 55.89627669999997),2.2101280822766713
68,"POLYGON ((-4.353200600000001 55.89127669999998, -4.343200600000001 55.89127669999998, -4.343200600000001 55.88127669999998, -4.353200600000001 55.88127669999998, -4.353200600000001 55.89127669999998))",-4.348200600000001,55.886276699999975,POINT (-4.348200600000001 55.88627669999997),2.2095586066722026
69,"POLYGON ((-4.353200600000001 55.88127669999998, -4.343200600000001 55.88127669999998, -4.343200600000001 55.87127669999998, -4.353200600000001 55.87127669999998, -4.353200600000001 55.88127669999998))",-4.348200600000001,55.87627669999998,POINT (-4.348200600000001 55.87627669999998),2.208989491734226
70,"POLYGON ((-4.353200600000001 55.87127669999998, -4.343200600000001 55.87127669999998, -4.343200600000001 55.86127669999998, -4.353200600000001 55.86127669999998, -4.353200600000001 55.87127669999998))",-4.348200600000001,55.86627669999999,POINT (-4.348200600000001 55.86627669999999),2.2084207371465356
71,"POLYGON ((-4.353200600000001 55.86127669999998, -4.343200600000001 55.86127669999998, -4.343200600000001 55.85127669999999, -4.353200600000001 55.85127669999999, -4.353200600000001 55.86127669999998))",-4.348200600000001,55.85627669999998,POINT (-4.348200600000001 55.85627669999998),2.2078523426053644
72,"POLYGON ((-4.353200600000001 55.85127669999999, -4.343200600000001 55.85127669999999, -4.343200600000001 55.84127669999999, -4.353200600000001 55.84127669999999, -4.353200600000001 55.85127669999999))",-4.348200600000001,55.8462767,POINT (-4.348200600000001 55.8462767),2.207284307786213
73,"POLYGON ((-4.353200600000001 55.84127669999999, -4.343200600000001 55.84127669999999, -4.343200600000001 55.83127669999999, -4.353200600000001 55.83127669999999, -4.353200600000001 55.84127669999999))",-4.348200600000001,55.836276699999985,POINT (-4.348200600000001 55.83627669999998),2.206716632384277
74,"POLYGON ((-4.353200600000001 55.83127669999999, -4.343200600000001 55.83127669999999, -4.343200600000001 55.82127669999999, -4.353200600000001 55.82127669999999, -4.353200600000001 55.83127669999999))",-4.348200600000001,55.82627669999999,POINT (-4.348200600000001 55.82627669999999),2.2061493160833505
75,"POLYGON ((-4.353200600000001 55.82127669999999, -4.343200600000001 55.82127669999999, -4.343200600000001 55.81127669999999, -4.353200600000001 55.81127669999999, -4.353200600000001 55.82127669999999))",-4.348200600000001,55.816276699999996,POINT (-4.348200600000001 55.8162767),2.205582358577595
76,"POLYGON ((-4.353200600000001 55.81127669999999, -4.343200600000001 55.81127669999999, -4.343200600000001 55.8012767, -4.353200600000001 55.8012767, -4.353200600000001 55.81127669999999))",-4.348200600000001,55.80627669999999,POINT (-4.348200600000001 55.80627669999999),2.205015759550802
77,"POLYGON ((-4.353200600000001 55.8012767, -4.343200600000001 55.8012767, -4.343200600000001 55.7912767, -4.353200600000001 55.7912767, -4.353200600000001 55.8012767))",-4.348200600000001,55.79627670000001,POINT (-4.348200600000001 55.79627670000001),2.204449518689877
83,"POLYGON ((-4.343200600000001 55.90127669999998, -4.333200600000001 55.90127669999998, -4.333200600000001 55.89127669999998, -4.343200600000001 55.89127669999998, -4.343200600000001 55.90127669999998))",-4.338200600000001,55.89627669999997,POINT (-4.338200600000001 55.89627669999997),2.2101280822766713
84,"POLYGON ((-4.343200600000001 55.89127669999998, -4.333200600000001 55.89127669999998, -4.333200600000001 55.88127669999998, -4.343200600000001 55.88127669999998, -4.343200600000001 55.89127669999998))",-4.338200600000001,55.886276699999975,POINT (-4.338200600000001 55.88627669999997),2.2095586066722026
85,"POLYGON ((-4.343200600000001 55.88127669999998, -4.333200600000001 55.88127669999998, -4.333200600000001 55.87127669999998, -4.343200600000001 55.87127669999998, -4.343200600000001 55.88127669999998))",-4.338200600000001,55.87627669999998,POINT (-4.338200600000001 55.87627669999998),2.208989491734226
86,"POLYGON ((-4.343200600000001 55.87127669999998, -4.333200600000001 55.87127669999998, -4.333200600000001 55.86127669999998, -4.343200600000001 55.86127669999998, -4.343200600000001 55.87127669999998))",-4.338200600000001,55.86627669999999,POINT (-4.338200600000001 55.86627669999999),2.2084207371465356
87,"POLYGON ((-4.343200600000001 55.86127669999998, -4.333200600000001 55.86127669999998, -4.333200600000001 55.85127669999999, -4.343200600000001 55.85127669999999, -4.343200600000001 55.86127669999998))",-4.338200600000001,55.85627669999998,POINT (-4.338200600000001 55.85627669999998),2.2078523426053644
88,"POLYGON ((-4.343200600000001 55.85127669999999, -4.333200600000001 55.85127669999999, -4.333200600000001 55.84127669999999, -4.343200600000001 55.84127669999999, -4.343200600000001 55.85127669999999))",-4.338200600000001,55.8462767,POINT (-4.338200600000001 55.8462767),2.207284307786213
89,"POLYGON ((-4.343200600000001 55.84127669999999, -4.333200600000001 55.84127669999999, -4.333200600000001 55.83127669999999, -4.343200600000001 55.83127669999999, -4.343200600000001 55.84127669999999))",-4.338200600000001,55.836276699999985,POINT (-4.338200600000001 55.83627669999998),2.206716632384277
90,"POLYGON ((-4.343200600000001 55.83127669999999, -4.333200600000001 55.83127669999999, -4.333200600000001 55.82127669999999, -4.343200600000001 55.82127669999999, -4.343200600000001 55.83127669999999))",-4.338200600000001,55.82627669999999,POINT (-4.338200600000001 55.82627669999999),2.2061493160833505
91,"POLYGON ((-4.343200600000001 55.82127669999999, -4.333200600000001 55.82127669999999, -4.333200600000001 55.81127669999999, -4.343200600000001 55.81127669999999, -4.343200600000001 55.82127669999999))",-4.338200600000001,55.816276699999996,POINT (-4.338200600000001 55.8162767),2.205582358577595
92,"POLYGON ((-4.343200600000001 55.81127669999999, -4.333200600000001 55.81127669999999, -4.333200600000001 55.8012767, -4.343200600000001 55.8012767, -4.343200600000001 55.81127669999999))",-4.338200600000001,55.80627669999999,POINT (-4.338200600000001 55.80627669999999),2.205015759550802
93,"POLYGON ((-4.343200600000001 55.8012767, -4.333200600000001 55.8012767, -4.333200600000001 55.7912767, -4.343200600000001 55.7912767, -4.343200600000001 55.8012767))",-4.338200600000001,55.79627670000001,POINT (-4.338200600000001 55.79627670000001),2.204449518689877
99,"POLYGON ((-4.333200600000001 55.90127669999998, -4.323200600000002 55.90127669999998, -4.323200600000002 55.89127669999998, -4.333200600000001 55.89127669999998, -4.333200600000001 55.90127669999998))",-4.3282006000000015,55.89627669999997,POINT (-4.328200600000002 55.89627669999997),2.2101280822766713
100,"POLYGON ((-4.333200600000001 55.89127669999998, -4.323200600000002 55.89127669999998, -4.323200600000002 55.88127669999998, -4.333200600000001 55.88127669999998, -4.333200600000001 55.89127669999998))",-4.3282006000000015,55.886276699999975,POINT (-4.328200600000002 55.88627669999997),2.2095586066722026
101,"POLYGON ((-4.333200600000001 55.88127669999998, -4.323200600000002 55.88127669999998, -4.323200600000002 55.87127669999998, -4.333200600000001 55.87127669999998, -4.333200600000001 55.88127669999998))",-4.3282006000000015,55.87627669999998,POINT (-4.328200600000002 55.87627669999998),2.208989491734226
102,"POLYGON ((-4.333200600000001 55.87127669999998, -4.323200600000002 55.87127669999998, -4.323200600000002 55.86127669999998, -4.333200600000001 55.86127669999998, -4.333200600000001 55.87127669999998))",-4.3282006000000015,55.86627669999999,POINT (-4.328200600000002 55.86627669999999),2.2084207371465356
103,"POLYGON ((-4.333200600000001 55.86127669999998, -4.323200600000002 55.86127669999998, -4.323200600000002 55.85127669999999, -4.333200600000001 55.85127669999999, -4.333200600000001 55.86127669999998))",-4.3282006000000015,55.85627669999998,POINT (-4.328200600000002 55.85627669999998),2.2078523426053644
104,"POLYGON ((-4.333200600000001 55.85127669999999, -4.323200600000002 55.85127669999999, -4.323200600000002 55.84127669999999, -4.333200600000001 55.84127669999999, -4.333200600000001 55.85127669999999))",-4.3282006000000015,55.8462767,POINT (-4.328200600000002 55.8462767),2.207284307786213
105,"POLYGON ((-4.333200600000001 55.84127669999999, -4.323200600000002 55.84127669999999, -4.323200600000002 55.83127669999999, -4.333200600000001 55.83127669999999, -4.333200600000001 55.84127669999999))",-4.3282006000000015,55.836276699999985,POINT (-4.328200600000002 55.83627669999998),2.206716632384277
106,"POLYGON ((-4.333200600000001 55.83127669999999, -4.323200600000002 55.83127669999999, -4.323200600000002 55.82127669999999, -4.333200600000001 55.82127669999999, -4.333200600000001 55.83127669999999))",-4.3282006000000015,55.82627669999999,POINT (-4.328200600000002 55.82627669999999),2.2061493160833505
107,"POLYGON ((-4.333200600000001 55.82127669999999, -4.323200600000002 55.82127669999999, -4.323200600000002 55.81127669999999, -4.333200600000001 55.81127669999999, -4.333200600000001 55.82127669999999))",-4.3282006000000015,55.816276699999996,POINT (-4.328200600000002 55.8162767),2.205582358577595
108,"POLYGON ((-4.333200600000001 55.81127669999999, -4.323200600000002 55.81127669999999, -4.323200600000002 55.8012767, -4.333200600000001 55.8012767, -4.333200600000001 55.81127669999999))",-4.3282006000000015,55.80627669999999,POINT (-4.328200600000002 55.80627669999999),2.205015759550802
115,"POLYGON ((-4.323200600000002 55.90127669999998, -4.313200600000002 55.90127669999998, -4.313200600000002 55.89127669999998, -4.323200600000002 55.89127669999998, -4.323200600000002 55.90127669999998))",-4.318200600000002,55.89627669999997,POINT (-4.318200600000002 55.89627669999997),2.210128082276787
116,"POLYGON ((-4.323200600000002 55.89127669999998, -4.313200600000002 55.89127669999998, -4.313200600000002 55.88127669999998, -4.323200600000002 55.88127669999998, -4.323200600000002 55.89127669999998))",-4.318200600000002,55.886276699999975,POINT (-4.318200600000002 55.88627669999997),2.209558606672318
117,"POLYGON ((-4.323200600000002 55.88127669999998, -4.313200600000002 55.88127669999998, -4.313200600000002 55.87127669999998, -4.323200600000002 55.87127669999998, -4.323200600000002 55.88127669999998))",-4.318200600000002,55.87627669999998,POINT (-4.318200600000002 55.87627669999998),2.2089894917343416
118,"POLYGON ((-4.323200600000002 55.87127669999998, -4.313200600000002 55.87127669999998, -4.313200600000002 55.86127669999998, -4.323200600000002 55.86127669999998, -4.323200600000002 55.87127669999998))",-4.318200600000002,55.86627669999999,POINT (-4.318200600000002 55.86627669999999),2.208420737146651
119,"POLYGON ((-4.323200600000002 55.86127669999998, -4.313200600000002 55.86127669999998, -4.313200600000002 55.85127669999999, -4.323200600000002 55.85127669999999, -4.323200600000002 55.86127669999998))",-4.318200600000002,55.85627669999998,POINT (-4.318200600000002 55.85627669999998),2.20785234260548
120,"POLYGON ((-4.323200600000002 55.85127669999999, -4.313200600000002 55.85127669999999, -4.313200600000002 55.84127669999999, -4.323200600000002 55.84127669999999, -4.323200600000002 55.85127669999999))",-4.318200600000002,55.8462767,POINT (-4.318200600000002 55.8462767),2.207284307786328
121,"POLYGON ((-4.323200600000002 55.84127669999999, -4.313200600000002 55.84127669999999, -4.313200600000002 55.83127669999999, -4.323200600000002 55.83127669999999, -4.323200600000002 55.84127669999999))",-4.318200600000002,55.836276699999985,POINT (-4.318200600000002 55.83627669999998),2.2067166323843925
122,"POLYGON ((-4.323200600000002 55.83127669999999, -4.313200600000002 55.83127669999999, -4.313200600000002 55.82127669999999, -4.323200600000002 55.82127669999999, -4.323200600000002 55.83127669999999))",-4.318200600000002,55.82627669999999,POINT (-4.318200600000002 55.82627669999999),2.206149316083466
123,"POLYGON ((-4.323200600000002 55.82127669999999, -4.313200600000002 55.82127669999999, -4.313200600000002 55.81127669999999, -4.323200600000002 55.81127669999999, -4.323200600000002 55.82127669999999))",-4.318200600000002,55.816276699999996,POINT (-4.318200600000002 55.8162767),2.20558235857771
130,"POLYGON ((-4.313200600000002 55.91127669999997, -4.303200600000002 55.91127669999997, -4.303200600000002 55.90127669999998, -4.313200600000002 55.90127669999998, -4.313200600000002 55.91127669999997))",-4.308200600000001,55.90627669999997,POINT (-4.308200600000001 55.90627669999997),2.2106979188596925
131,"POLYGON ((-4.313200600000002 55.90127669999998, -4.303200600000002 55.90127669999998, -4.303200600000002 55.89127669999998, -4.313200600000002 55.89127669999998, -4.313200600000002 55.90127669999998))",-4.308200600000001,55.89627669999997,POINT (-4.308200600000001 55.89627669999997),2.2101280822766713
132,"POLYGON ((-4.313200600000002 55.89127669999998, -4.303200600000002 55.89127669999998, -4.303200600000002 55.88127669999998, -4.313200600000002 55.88127669999998, -4.313200600000002 55.89127669999998))",-4.308200600000001,55.886276699999975,POINT (-4.308200600000001 55.88627669999997),2.2095586066722026
133,"POLYGON ((-4.313200600000002 55.88127669999998, -4.303200600000002 55.88127669999998, -4.303200600000002 55.87127669999998, -4.313200600000002 55.87127669999998, -4.313200600000002 55.88127669999998))",-4.308200600000001,55.87627669999998,POINT (-4.308200600000001 55.87627669999998),2.208989491734226
134,"POLYGON ((-4.313200600000002 55.87127669999998, -4.303200600000002 55.87127669999998, -4.303200600000002 55.86127669999998, -4.313200600000002 55.86127669999998, -4.313200600000002 55.87127669999998))",-4.308200600000001,55.86627669999999,POINT (-4.308200600000001 55.86627669999999),2.2084207371465356
135,"POLYGON ((-4.313200600000002 55.86127669999998, -4.303200600000002 55.86127669999998, -4.303200600000002 55.85127669999999, -4.313200600000002 55.85127669999999, -4.313200600000002 55.86127669999998))",-4.308200600000001,55.85627669999998,POINT (-4.308200600000001 55.85627669999998),2.2078523426053644
136,"POLYGON ((-4.313200600000002 55.85127669999999, -4.303200600000002 55.85127669999999, -4.303200600000002 55.84127669999999, -4.313200600000002 55.84127669999999, -4.313200600000002 55.85127669999999))",-4.308200600000001,55.8462767,POINT (-4.308200600000001 55.8462767),2.207284307786213
137,"POLYGON ((-4.313200600000002 55.84127669999999, -4.303200600000002 55.84127669999999, -4.303200600000002 55.83127669999999, -4.313200600000002 55.83127669999999, -4.313200600000002 55.84127669999999))",-4.308200600000001,55.836276699999985,POINT (-4.308200600000001 55.83627669999998),2.206716632384277
138,"POLYGON ((-4.313200600000002 55.83127669999999, -4.303200600000002 55.83127669999999, -4.303200600000002 55.82127669999999, -4.313200600000002 55.82127669999999, -4.313200600000002 55.83127669999999))",-4.308200600000001,55.82627669999999,POINT (-4.308200600000001 55.82627669999999),2.2061493160833505
139,"POLYGON ((-4.313200600000002 55.82127669999999, -4.303200600000002 55.82127669999999, -4.303200600000002 55.81127669999999, -4.313200600000002 55.81127669999999, -4.313200600000002 55.82127669999999))",-4.308200600000001,55.816276699999996,POINT (-4.308200600000001 55.8162767),2.205582358577595
144,"POLYGON ((-4.303200600000002 55.93127669999997, -4.293200600000002 55.93127669999997, -4.293200600000002 55.92127669999997, -4.303200600000002 55.92127669999997, -4.303200600000002 55.93127669999997))",-4.298200600000002,55.926276699999974,POINT (-4.298200600000002 55.92627669999997),2.21183867622207
145,"POLYGON ((-4.303200600000002 55.92127669999997, -4.293200600000002 55.92127669999997, -4.293200600000002 55.91127669999997, -4.303200600000002 55.91127669999997, -4.303200600000002 55.92127669999997))",-4.298200600000002,55.91627669999996,POINT (-4.298200600000002 55.91627669999996),2.2112681167374717
146,"POLYGON ((-4.303200600000002 55.91127669999997, -4.293200600000002 55.91127669999997, -4.293200600000002 55.90127669999998, -4.303200600000002 55.90127669999998, -4.303200600000002 55.91127669999997))",-4.298200600000002,55.90627669999997,POINT (-4.298200600000002 55.90627669999997),2.2106979188596925
147,"POLYGON ((-4.303200600000002 55.90127669999998, -4.293200600000002 55.90127669999998, -4.293200600000002 55.89127669999998, -4.303200600000002 55.89127669999998, -4.303200600000002 55.90127669999998))",-4.298200600000002,55.89627669999997,POINT (-4.298200600000002 55.89627669999997),2.2101280822766713
148,"POLYGON ((-4.303200600000002 55.89127669999998, -4.293200600000002 55.89127669999998, -4.293200600000002 55.88127669999998, -4.303200600000002 55.88127669999998, -4.303200600000002 55.89127669999998))",-4.298200600000002,55.886276699999975,POINT (-4.298200600000002 55.88627669999997),2.2095586066722026
149,"POLYGON ((-4.303200600000002 55.88127669999998, -4.293200600000002 55.88127669999998, -4.293200600000002 55.87127669999998, -4.303200600000002 55.87127669999998, -4.303200600000002 55.88127669999998))",-4.298200600000002,55.87627669999998,POINT (-4.298200600000002 55.87627669999998),2.208989491734226
150,"POLYGON ((-4.303200600000002 55.87127669999998, -4.293200600000002 55.87127669999998, -4.293200600000002 55.86127669999998, -4.303200600000002 55.86127669999998, -4.303200600000002 55.87127669999998))",-4.298200600000002,55.86627669999999,POINT (-4.298200600000002 55.86627669999999),2.2084207371465356
151,"POLYGON ((-4.303200600000002 55.86127669999998, -4.293200600000002 55.86127669999998, -4.293200600000002 55.85127669999999, -4.303200600000002 55.85127669999999, -4.303200600000002 55.86127669999998))",-4.298200600000002,55.85627669999998,POINT (-4.298200600000002 55.85627669999998),2.2078523426053644
152,"POLYGON ((-4.303200600000002 55.85127669999999, -4.293200600000002 55.85127669999999, -4.293200600000002 55.84127669999999, -4.303200600000002 55.84127669999999, -4.303200600000002 55.85127669999999))",-4.298200600000002,55.8462767,POINT (-4.298200600000002 55.8462767),2.207284307786213
153,"POLYGON ((-4.303200600000002 55.84127669999999, -4.293200600000002 55.84127669999999, -4.293200600000002 55.83127669999999, -4.303200600000002 55.83127669999999, -4.303200600000002 55.84127669999999))",-4.298200600000002,55.836276699999985,POINT (-4.298200600000002 55.83627669999998),2.206716632384277
154,"POLYGON ((-4.303200600000002 55.83127669999999, -4.293200600000002 55.83127669999999, -4.293200600000002 55.82127669999999, -4.303200600000002 55.82127669999999, -4.303200600000002 55.83127669999999))",-4.298200600000002,55.82627669999999,POINT (-4.298200600000002 55.82627669999999),2.2061493160833505
155,"POLYGON ((-4.303200600000002 55.82127669999999, -4.293200600000002 55.82127669999999, -4.293200600000002 55.81127669999999, -4.303200600000002 55.81127669999999, -4.303200600000002 55.82127669999999))",-4.298200600000002,55.816276699999996,POINT (-4.298200600000002 55.8162767),2.205582358577595
160,"POLYGON ((-4.293200600000002 55.93127669999997, -4.283200600000002 55.93127669999997, -4.283200600000002 55.92127669999997, -4.293200600000002 55.92127669999997, -4.293200600000002 55.93127669999997))",-4.288200600000002,55.926276699999974,POINT (-4.288200600000002 55.92627669999997),2.21183867622207
161,"POLYGON ((-4.293200600000002 55.92127669999997, -4.283200600000002 55.92127669999997, -4.283200600000002 55.91127669999997, -4.293200600000002 55.91127669999997, -4.293200600000002 55.92127669999997))",-4.288200600000002,55.91627669999996,POINT (-4.288200600000002 55.91627669999996),2.2112681167374717
162,"POLYGON ((-4.293200600000002 55.91127669999997, -4.283200600000002 55.91127669999997, -4.283200600000002 55.90127669999998, -4.293200600000002 55.90127669999998, -4.293200600000002 55.91127669999997))",-4.288200600000002,55.90627669999997,POINT (-4.288200600000002 55.90627669999997),2.2106979188596925
163,"POLYGON ((-4.293200600000002 55.90127669999998, -4.283200600000002 55.90127669999998, -4.283200600000002 55.89127669999998, -4.293200600000002 55.89127669999998, -4.293200600000002 55.90127669999998))",-4.288200600000002,55.89627669999997,POINT (-4.288200600000002 55.89627669999997),2.2101280822766713
164,"POLYGON ((-4.293200600000002 55.89127669999998, -4.283200600000002 55.89127669999998, -4.283200600000002 55.88127669999998, -4.293200600000002 55.88127669999998, -4.293200600000002 55.89127669999998))",-4.288200600000002,55.886276699999975,POINT (-4.288200600000002 55.88627669999997),2.2095586066722026
165,"POLYGON ((-4.293200600000002 55.88127669999998, -4.283200600000002 55.88127669999998, -4.283200600000002 55.87127669999998, -4.293200600000002 55.87127669999998, -4.293200600000002 55.88127669999998))",-4.288200600000002,55.87627669999998,POINT (-4.288200600000002 55.87627669999998),2.208989491734226
166,"POLYGON ((-4.293200600000002 55.87127669999998, -4.283200600000002 55.87127669999998, -4.283200600000002 55.86127669999998, -4.293200600000002 55.86127669999998, -4.293200600000002 55.87127669999998))",-4.288200600000002,55.86627669999999,POINT (-4.288200600000002 55.86627669999999),2.2084207371465356
167,"POLYGON ((-4.293200600000002 55.86127669999998, -4.283200600000002 55.86127669999998, -4.283200600000002 55.85127669999999, -4.293200600000002 55.85127669999999, -4.293200600000002 55.86127669999998))",-4.288200600000002,55.85627669999998,POINT (-4.288200600000002 55.85627669999998),2.2078523426053644
168,"POLYGON ((-4.293200600000002 55.85127669999999, -4.283200600000002 55.85127669999999, -4.283200600000002 55.84127669999999, -4.293200600000002 55.84127669999999, -4.293200600000002 55.85127669999999))",-4.288200600000002,55.8462767,POINT (-4.288200600000002 55.8462767),2.207284307786213
169,"POLYGON ((-4.293200600000002 55.84127669999999, -4.283200600000002 55.84127669999999, -4.283200600000002 55.83127669999999, -4.293200600000002 55.83127669999999, -4.293200600000002 55.84127669999999))",-4.288200600000002,55.836276699999985,POINT (-4.288200600000002 55.83627669999998),2.206716632384277
170,"POLYGON ((-4.293200600000002 55.83127669999999, -4.283200600000002 55.83127669999999, -4.283200600000002 55.82127669999999, -4.293200600000002 55.82127669999999, -4.293200600000002 55.83127669999999))",-4.288200600000002,55.82627669999999,POINT (-4.288200600000002 55.82627669999999),2.2061493160833505
171,"POLYGON ((-4.293200600000002 55.82127669999999, -4.283200600000002 55.82127669999999, -4.283200600000002 55.81127669999999, -4.293200600000002 55.81127669999999, -4.293200600000002 55.82127669999999))",-4.288200600000002,55.816276699999996,POINT (-4.288200600000002 55.8162767),2.205582358577595
176,"POLYGON ((-4.283200600000002 55.93127669999997, -4.273200600000003 55.93127669999997, -4.273200600000003 55.92127669999997, -4.283200600000002 55.92127669999997, -4.283200600000002 55.93127669999997))",-4.278200600000003,55.926276699999974,POINT (-4.278200600000003 55.92627669999997),2.21183867622207
177,"POLYGON ((-4.283200600000002 55.92127669999997, -4.273200600000003 55.92127669999997, -4.273200600000003 55.91127669999997, -4.283200600000002 55.91127669999997, -4.283200600000002 55.92127669999997))",-4.278200600000003,55.91627669999996,POINT (-4.278200600000003 55.91627669999996),2.2112681167374717
178,"POLYGON ((-4.283200600000002 55.91127669999997, -4.273200600000003 55.91127669999997, -4.273200600000003 55.90127669999998, -4.283200600000002 55.90127669999998, -4.283200600000002 55.91127669999997))",-4.278200600000003,55.90627669999997,POINT (-4.278200600000003 55.90627669999997),2.2106979188596925
179,"POLYGON ((-4.283200600000002 55.90127669999998, -4.273200600000003 55.90127669999998, -4.273200600000003 55.89127669999998, -4.283200600000002 55.89127669999998, -4.283200600000002 55.90127669999998))",-4.278200600000003,55.89627669999997,POINT (-4.278200600000003 55.89627669999997),2.2101280822766713
180,"POLYGON ((-4.283200600000002 55.89127669999998, -4.273200600000003 55.89127669999998, -4.273200600000003 55.88127669999998, -4.283200600000002 55.88127669999998, -4.283200600000002 55.89127669999998))",-4.278200600000003,55.886276699999975,POINT (-4.278200600000003 55.88627669999997),2.2095586066722026
181,"POLYGON ((-4.283200600000002 55.88127669999998, -4.273200600000003 55.88127669999998, -4.273200600000003 55.87127669999998, -4.283200600000002 55.87127669999998, -4.283200600000002 55.88127669999998))",-4.278200600000003,55.87627669999998,POINT (-4.278200600000003 55.87627669999998),2.208989491734226
182,"POLYGON ((-4.283200600000002 55.87127669999998, -4.273200600000003 55.87127669999998, -4.273200600000003 55.86127669999998, -4.283200600000002 55.86127669999998, -4.283200600000002 55.87127669999998))",-4.278200600000003,55.86627669999999,POINT (-4.278200600000003 55.86627669999999),2.2084207371465356
183,"POLYGON ((-4.283200600000002 55.86127669999998, -4.273200600000003 55.86127669999998, -4.273200600000003 55.85127669999999, -4.283200600000002 55.85127669999999, -4.283200600000002 55.86127669999998))",-4.278200600000003,55.85627669999998,POINT (-4.278200600000003 55.85627669999998),2.2078523426053644
184,"POLYGON ((-4.283200600000002 55.85127669999999, -4.273200600000003 55.85127669999999, -4.273200600000003 55.84127669999999, -4.283200600000002 55.84127669999999, -4.283200600000002 55.85127669999999))",-4.278200600000003,55.8462767,POINT (-4.278200600000003 55.8462767),2.207284307786213
185,"POLYGON ((-4.283200600000002 55.84127669999999, -4.273200600000003 55.84127669999999, -4.273200600000003 55.83127669999999, -4.283200600000002 55.83127669999999, -4.283200600000002 55.84127669999999))",-4.278200600000003,55.836276699999985,POINT (-4.278200600000003 55.83627669999998),2.206716632384277
186,"POLYGON ((-4.283200600000002 55.83127669999999, -4.273200600000003 55.83127669999999, -4.273200600000003 55.82127669999999, -4.283200600000002 55.82127669999999, -4.283200600000002 55.83127669999999))",-4.278200600000003,55.82627669999999,POINT (-4.278200600000003 55.82627669999999),2.2061493160833505
187,"POLYGON ((-4.283200600000002 55.82127669999999, -4.273200600000003 55.82127669999999, -4.273200600000003 55.81127669999999, -4.283200600000002 55.81127669999999, -4.283200600000002 55.82127669999999))",-4.278200600000003,55.816276699999996,POINT (-4.278200600000003 55.8162767),2.205582358577595
193,"POLYGON ((-4.273200600000003 55.92127669999997, -4.263200600000003 55.92127669999997, -4.263200600000003 55.91127669999997, -4.273200600000003 55.91127669999997, -4.273200600000003 55.92127669999997))",-4.268200600000003,55.91627669999996,POINT (-4.268200600000003 55.91627669999996),2.2112681167374717
194,"POLYGON ((-4.273200600000003 55.91127669999997, -4.263200600000003 55.91127669999997, -4.263200600000003 55.90127669999998, -4.273200600000003 55.90127669999998, -4.273200600000003 55.91127669999997))",-4.268200600000003,55.90627669999997,POINT (-4.268200600000003 55.90627669999997),2.2106979188596925
195,"POLYGON ((-4.273200600000003 55.90127669999998, -4.263200600000003 55.90127669999998, -4.263200600000003 55.89127669999998, -4.273200600000003 55.89127669999998, -4.273200600000003 55.90127669999998))",-4.268200600000003,55.89627669999997,POINT (-4.268200600000003 55.89627669999997),2.2101280822766713
196,"POLYGON ((-4.273200600000003 55.89127669999998, -4.263200600000003 55.89127669999998, -4.263200600000003 55.88127669999998, -4.273200600000003 55.88127669999998, -4.273200600000003 55.89127669999998))",-4.268200600000003,55.886276699999975,POINT (-4.268200600000003 55.88627669999997),2.2095586066722026
197,"POLYGON ((-4.273200600000003 55.88127669999998, -4.263200600000003 55.88127669999998, -4.263200600000003 55.87127669999998, -4.273200600000003 55.87127669999998, -4.273200600000003 55.88127669999998))",-4.268200600000003,55.87627669999998,POINT (-4.268200600000003 55.87627669999998),2.208989491734226
198,"POLYGON ((-4.273200600000003 55.87127669999998, -4.263200600000003 55.87127669999998, -4.263200600000003 55.86127669999998, -4.273200600000003 55.86127669999998, -4.273200600000003 55.87127669999998))",-4.268200600000003,55.86627669999999,POINT (-4.268200600000003 55.86627669999999),2.2084207371465356
199,"POLYGON ((-4.273200600000003 55.86127669999998, -4.263200600000003 55.86127669999998, -4.263200600000003 55.85127669999999, -4.273200600000003 55.85127669999999, -4.273200600000003 55.86127669999998))",-4.268200600000003,55.85627669999998,POINT (-4.268200600000003 55.85627669999998),2.2078523426053644
200,"POLYGON ((-4.273200600000003 55.85127669999999, -4.263200600000003 55.85127669999999, -4.263200600000003 55.84127669999999, -4.273200600000003 55.84127669999999, -4.273200600000003 55.85127669999999))",-4.268200600000003,55.8462767,POINT (-4.268200600000003 55.8462767),2.207284307786213
201,"POLYGON ((-4.273200600000003 55.84127669999999, -4.263200600000003 55.84127669999999, -4.263200600000003 55.83127669999999, -4.273200600000003 55.83127669999999, -4.273200600000003 55.84127669999999))",-4.268200600000003,55.836276699999985,POINT (-4.268200600000003 55.83627669999998),2.206716632384277
202,"POLYGON ((-4.273200600000003 55.83127669999999, -4.263200600000003 55.83127669999999, -4.263200600000003 55.82127669999999, -4.273200600000003 55.82127669999999, -4.273200600000003 55.83127669999999))",-4.268200600000003,55.82627669999999,POINT (-4.268200600000003 55.82627669999999),2.2061493160833505
203,"POLYGON ((-4.273200600000003 55.82127669999999, -4.263200600000003 55.82127669999999, -4.263200600000003 55.81127669999999, -4.273200600000003 55.81127669999999, -4.273200600000003 55.82127669999999))",-4.268200600000003,55.816276699999996,POINT (-4.268200600000003 55.8162767),2.205582358577595
210,"POLYGON ((-4.263200600000003 55.91127669999997, -4.253200600000003 55.91127669999997, -4.253200600000003 55.90127669999998, -4.263200600000003 55.90127669999998, -4.263200600000003 55.91127669999997))",-4.258200600000003,55.90627669999997,POINT (-4.258200600000003 55.90627669999997),2.2106979188596925
211,"POLYGON ((-4.263200600000003 55.90127669999998, -4.253200600000003 55.90127669999998, -4.253200600000003 55.89127669999998, -4.263200600000003 55.89127669999998, -4.263200600000003 55.90127669999998))",-4.258200600000003,55.89627669999997,POINT (-4.258200600000003 55.89627669999997),2.2101280822766713
212,"POLYGON ((-4.263200600000003 55.89127669999998, -4.253200600000003 55.89127669999998, -4.253200600000003 55.88127669999998, -4.263200600000003 55.88127669999998, -4.263200600000003 55.89127669999998))",-4.258200600000003,55.886276699999975,POINT (-4.258200600000003 55.88627669999997),2.2095586066722026
213,"POLYGON ((-4.263200600000003 55.88127669999998, -4.253200600000003 55.88127669999998, -4.253200600000003 55.87127669999998, -4.263200600000003 55.87127669999998, -4.263200600000003 55.88127669999998))",-4.258200600000003,55.87627669999998,POINT (-4.258200600000003 55.87627669999998),2.208989491734226
214,"POLYGON ((-4.263200600000003 55.87127669999998, -4.253200600000003 55.87127669999998, -4.253200600000003 55.86127669999998, -4.263200600000003 55.86127669999998, -4.263200600000003 55.87127669999998))",-4.258200600000003,55.86627669999999,POINT (-4.258200600000003 55.86627669999999),2.2084207371465356
215,"POLYGON ((-4.263200600000003 55.86127669999998, -4.253200600000003 55.86127669999998, -4.253200600000003 55.85127669999999, -4.263200600000003 55.85127669999999, -4.263200600000003 55.86127669999998))",-4.258200600000003,55.85627669999998,POINT (-4.258200600000003 55.85627669999998),2.2078523426053644
216,"POLYGON ((-4.263200600000003 55.85127669999999, -4.253200600000003 55.85127669999999, -4.253200600000003 55.84127669999999, -4.263200600000003 55.84127669999999, -4.263200600000003 55.85127669999999))",-4.258200600000003,55.8462767,POINT (-4.258200600000003 55.8462767),2.207284307786213
217,"POLYGON ((-4.263200600000003 55.84127669999999, -4.253200600000003 55.84127669999999, -4.253200600000003 55.83127669999999, -4.263200600000003 55.83127669999999, -4.263200600000003 55.84127669999999))",-4.258200600000003,55.836276699999985,POINT (-4.258200600000003 55.83627669999998),2.206716632384277
218,"POLYGON ((-4.263200600000003 55.83127669999999, -4.253200600000003 55.83127669999999, -4.253200600000003 55.82127669999999, -4.263200600000003 55.82127669999999, -4.263200600000003 55.83127669999999))",-4.258200600000003,55.82627669999999,POINT (-4.258200600000003 55.82627669999999),2.2061493160833505
219,"POLYGON ((-4.263200600000003 55.82127669999999, -4.253200600000003 55.82127669999999, -4.253200600000003 55.81127669999999, -4.263200600000003 55.81127669999999, -4.263200600000003 55.82127669999999))",-4.258200600000003,55.816276699999996,POINT (-4.258200600000003 55.8162767),2.205582358577595
220,"POLYGON ((-4.263200600000003 55.81127669999999, -4.253200600000003 55.81127669999999, -4.253200600000003 55.8012767, -4.263200600000003 55.8012767, -4.263200600000003 55.81127669999999))",-4.258200600000003,55.80627669999999,POINT (-4.258200600000003 55.80627669999999),2.205015759550802
221,"POLYGON ((-4.263200600000003 55.8012767, -4.253200600000003 55.8012767, -4.253200600000003 55.7912767, -4.263200600000003 55.7912767, -4.263200600000003 55.8012767))",-4.258200600000003,55.79627670000001,POINT (-4.258200600000003 55.79627670000001),2.204449518689877
227,"POLYGON ((-4.253200600000003 55.90127669999998, -4.243200600000003 55.90127669999998, -4.243200600000003 55.89127669999998, -4.253200600000003 55.89127669999998, -4.253200600000003 55.90127669999998))",-4.248200600000003,55.89627669999997,POINT (-4.248200600000003 55.89627669999997),2.210128082276787
228,"POLYGON ((-4.253200600000003 55.89127669999998, -4.243200600000003 55.89127669999998, -4.243200600000003 55.88127669999998, -4.253200600000003 55.88127669999998, -4.253200600000003 55.89127669999998))",-4.248200600000003,55.886276699999975,POINT (-4.248200600000003 55.88627669999997),2.209558606672318
229,"POLYGON ((-4.253200600000003 55.88127669999998, -4.243200600000003 55.88127669999998, -4.243200600000003 55.87127669999998, -4.253200600000003 55.87127669999998, -4.253200600000003 55.88127669999998))",-4.248200600000003,55.87627669999998,POINT (-4.248200600000003 55.87627669999998),2.2089894917343416
230,"POLYGON ((-4.253200600000003 55.87127669999998, -4.243200600000003 55.87127669999998, -4.243200600000003 55.86127669999998, -4.253200600000003 55.86127669999998, -4.253200600000003 55.87127669999998))",-4.248200600000003,55.86627669999999,POINT (-4.248200600000003 55.86627669999999),2.208420737146651
231,"POLYGON ((-4.253200600000003 55.86127669999998, -4.243200600000003 55.86127669999998, -4.243200600000003 55.85127669999999, -4.253200600000003 55.85127669999999, -4.253200600000003 55.86127669999998))",-4.248200600000003,55.85627669999998,POINT (-4.248200600000003 55.85627669999998),2.20785234260548
232,"POLYGON ((-4.253200600000003 55.85127669999999, -4.243200600000003 55.85127669999999, -4.243200600000003 55.84127669999999, -4.253200600000003 55.84127669999999, -4.253200600000003 55.85127669999999))",-4.248200600000003,55.8462767,POINT (-4.248200600000003 55.8462767),2.207284307786328
233,"POLYGON ((-4.253200600000003 55.84127669999999, -4.243200600000003 55.84127669999999, -4.243200600000003 55.83127669999999, -4.253200600000003 55.83127669999999, -4.253200600000003 55.84127669999999))",-4.248200600000003,55.836276699999985,POINT (-4.248200600000003 55.83627669999998),2.2067166323843925
234,"POLYGON ((-4.253200600000003 55.83127669999999, -4.243200600000003 55.83127669999999, -4.243200600000003 55.82127669999999, -4.253200600000003 55.82127669999999, -4.253200600000003 55.83127669999999))",-4.248200600000003,55.82627669999999,POINT (-4.248200600000003 55.82627669999999),2.206149316083466
235,"POLYGON ((-4.253200600000003 55.82127669999999, -4.243200600000003 55.82127669999999, -4.243200600000003 55.81127669999999, -4.253200600000003 55.81127669999999, -4.253200600000003 55.82127669999999))",-4.248200600000003,55.816276699999996,POINT (-4.248200600000003 55.8162767),2.20558235857771
236,"POLYGON ((-4.253200600000003 55.81127669999999, -4.243200600000003 55.81127669999999, -4.243200600000003 55.8012767, -4.253200600000003 55.8012767, -4.253200600000003 55.81127669999999))",-4.248200600000003,55.80627669999999,POINT (-4.248200600000003 55.80627669999999),2.205015759550918
237,"POLYGON ((-4.253200600000003 55.8012767, -4.243200600000003 55.8012767, -4.243200600000003 55.7912767, -4.253200600000003 55.7912767, -4.253200600000003 55.8012767))",-4.248200600000003,55.79627670000001,POINT (-4.248200600000003 55.79627670000001),2.204449518689992
238,"POLYGON ((-4.253200600000003 55.7912767, -4.243200600000003 55.7912767, -4.243200600000003 55.7812767, -4.253200600000003 55.7812767, -4.253200600000003 55.7912767))",-4.248200600000003,55.7862767,POINT (-4.248200600000003 55.7862767),2.203883635699462
243,"POLYGON ((-4.243200600000003 55.90127669999998, -4.233200600000004 55.90127669999998, -4.233200600000004 55.89127669999998, -4.243200600000003 55.89127669999998, -4.243200600000003 55.90127669999998))",-4.238200600000003,55.89627669999997,POINT (-4.238200600000003 55.89627669999997),2.2101280822766713
244,"POLYGON ((-4.243200600000003 55.89127669999998, -4.233200600000004 55.89127669999998, -4.233200600000004 55.88127669999998, -4.243200600000003 55.88127669999998, -4.243200600000003 55.89127669999998))",-4.238200600000003,55.886276699999975,POINT (-4.238200600000003 55.88627669999997),2.2095586066722026
245,"POLYGON ((-4.243200600000003 55.88127669999998, -4.233200600000004 55.88127669999998, -4.233200600000004 55.87127669999998, -4.243200600000003 55.87127669999998, -4.243200600000003 55.88127669999998))",-4.238200600000003,55.87627669999998,POINT (-4.238200600000003 55.87627669999998),2.208989491734226
246,"POLYGON ((-4.243200600000003 55.87127669999998, -4.233200600000004 55.87127669999998, -4.233200600000004 55.86127669999998, -4.243200600000003 55.86127669999998, -4.243200600000003 55.87127669999998))",-4.238200600000003,55.86627669999999,POINT (-4.238200600000003 55.86627669999999),2.2084207371465356
247,"POLYGON ((-4.243200600000003 55.86127669999998, -4.233200600000004 55.86127669999998, -4.233200600000004 55.85127669999999, -4.243200600000003 55.85127669999999, -4.243200600000003 55.86127669999998))",-4.238200600000003,55.85627669999998,POINT (-4.238200600000003 55.85627669999998),2.2078523426053644
248,"POLYGON ((-4.243200600000003 55.85127669999999, -4.233200600000004 55.85127669999999, -4.233200600000004 55.84127669999999, -4.243200600000003 55.84127669999999, -4.243200600000003 55.85127669999999))",-4.238200600000003,55.8462767,POINT (-4.238200600000003 55.8462767),2.207284307786213
249,"POLYGON ((-4.243200600000003 55.84127669999999, -4.233200600000004 55.84127669999999, -4.233200600000004 55.83127669999999, -4.243200600000003 55.83127669999999, -4.243200600000003 55.84127669999999))",-4.238200600000003,55.836276699999985,POINT (-4.238200600000003 55.83627669999998),2.206716632384277
250,"POLYGON ((-4.243200600000003 55.83127669999999, -4.233200600000004 55.83127669999999, -4.233200600000004 55.82127669999999, -4.243200600000003 55.82127669999999, -4.243200600000003 55.83127669999999))",-4.238200600000003,55.82627669999999,POINT (-4.238200600000003 55.82627669999999),2.2061493160833505
251,"POLYGON ((-4.243200600000003 55.82127669999999, -4.233200600000004 55.82127669999999, -4.233200600000004 55.81127669999999, -4.243200600000003 55.81127669999999, -4.243200600000003 55.82127669999999))",-4.238200600000003,55.816276699999996,POINT (-4.238200600000003 55.8162767),2.205582358577595
252,"POLYGON ((-4.243200600000003 55.81127669999999, -4.233200600000004 55.81127669999999, -4.233200600000004 55.8012767, -4.243200600000003 55.8012767, -4.243200600000003 55.81127669999999))",-4.238200600000003,55.80627669999999,POINT (-4.238200600000003 55.80627669999999),2.205015759550802
253,"POLYGON ((-4.243200600000003 55.8012767, -4.233200600000004 55.8012767, -4.233200600000004 55.7912767, -4.243200600000003 55.7912767, -4.243200600000003 55.8012767))",-4.238200600000003,55.79627670000001,POINT (-4.238200600000003 55.79627670000001),2.204449518689877
254,"POLYGON ((-4.243200600000003 55.7912767, -4.233200600000004 55.7912767, -4.233200600000004 55.7812767, -4.243200600000003 55.7812767, -4.243200600000003 55.7912767))",-4.238200600000003,55.7862767,POINT (-4.238200600000003 55.7862767),2.2038836356993468
259,"POLYGON ((-4.233200600000004 55.90127669999998, -4.223200600000004 55.90127669999998, -4.223200600000004 55.89127669999998, -4.233200600000004 55.89127669999998, -4.233200600000004 55.90127669999998))",-4.228200600000004,55.89627669999997,POINT (-4.228200600000004 55.89627669999997),2.2101280822766713
260,"POLYGON ((-4.233200600000004 55.89127669999998, -4.223200600000004 55.89127669999998, -4.223200600000004 55.88127669999998, -4.233200600000004 55.88127669999998, -4.233200600000004 55.89127669999998))",-4.228200600000004,55.886276699999975,POINT (-4.228200600000004 55.88627669999997),2.2095586066722026
261,"POLYGON ((-4.233200600000004 55.88127669999998, -4.223200600000004 55.88127669999998, -4.223200600000004 55.87127669999998, -4.233200600000004 55.87127669999998, -4.233200600000004 55.88127669999998))",-4.228200600000004,55.87627669999998,POINT (-4.228200600000004 55.87627669999998),2.208989491734226
262,"POLYGON ((-4.233200600000004 55.87127669999998, -4.223200600000004 55.87127669999998, -4.223200600000004 55.86127669999998, -4.233200600000004 55.86127669999998, -4.233200600000004 55.87127669999998))",-4.228200600000004,55.86627669999999,POINT (-4.228200600000004 55.86627669999999),2.2084207371465356
263,"POLYGON ((-4.233200600000004 55.86127669999998, -4.223200600000004 55.86127669999998, -4.223200600000004 55.85127669999999, -4.233200600000004 55.85127669999999, -4.233200600000004 55.86127669999998))",-4.228200600000004,55.85627669999998,POINT (-4.228200600000004 55.85627669999998),2.2078523426053644
264,"POLYGON ((-4.233200600000004 55.85127669999999, -4.223200600000004 55.85127669999999, -4.223200600000004 55.84127669999999, -4.233200600000004 55.84127669999999, -4.233200600000004 55.85127669999999))",-4.228200600000004,55.8462767,POINT (-4.228200600000004 55.8462767),2.207284307786213
267,"POLYGON ((-4.233200600000004 55.82127669999999, -4.223200600000004 55.82127669999999, -4.223200600000004 55.81127669999999, -4.233200600000004 55.81127669999999, -4.233200600000004 55.82127669999999))",-4.228200600000004,55.816276699999996,POINT (-4.228200600000004 55.8162767),2.205582358577595
268,"POLYGON ((-4.233200600000004 55.81127669999999, -4.223200600000004 55.81127669999999, -4.223200600000004 55.8012767, -4.233200600000004 55.8012767, -4.233200600000004 55.81127669999999))",-4.228200600000004,55.80627669999999,POINT (-4.228200600000004 55.80627669999999),2.205015759550802
269,"POLYGON ((-4.233200600000004 55.8012767, -4.223200600000004 55.8012767, -4.223200600000004 55.7912767, -4.233200600000004 55.7912767, -4.233200600000004 55.8012767))",-4.228200600000004,55.79627670000001,POINT (-4.228200600000004 55.79627670000001),2.204449518689877
275,"POLYGON ((-4.223200600000004 55.90127669999998, -4.213200600000004 55.90127669999998, -4.213200600000004 55.89127669999998, -4.223200600000004 55.89127669999998, -4.223200600000004 55.90127669999998))",-4.218200600000004,55.89627669999997,POINT (-4.218200600000004 55.89627669999997),2.2101280822766713
276,"POLYGON ((-4.223200600000004 55.89127669999998, -4.213200600000004 55.89127669999998, -4.213200600000004 55.88127669999998, -4.223200600000004 55.88127669999998, -4.223200600000004 55.89127669999998))",-4.218200600000004,55.886276699999975,POINT (-4.218200600000004 55.88627669999997),2.2095586066722026
277,"POLYGON ((-4.223200600000004 55.88127669999998, -4.213200600000004 55.88127669999998, -4.213200600000004 55.87127669999998, -4.223200600000004 55.87127669999998, -4.223200600000004 55.88127669999998))",-4.218200600000004,55.87627669999998,POINT (-4.218200600000004 55.87627669999998),2.208989491734226
278,"POLYGON ((-4.223200600000004 55.87127669999998, -4.213200600000004 55.87127669999998, -4.213200600000004 55.86127669999998, -4.223200600000004 55.86127669999998, -4.223200600000004 55.87127669999998))",-4.218200600000004,55.86627669999999,POINT (-4.218200600000004 55.86627669999999),2.2084207371465356
279,"POLYGON ((-4.223200600000004 55.86127669999998, -4.213200600000004 55.86127669999998, -4.213200600000004 55.85127669999999, -4.223200600000004 55.85127669999999, -4.223200600000004 55.86127669999998))",-4.218200600000004,55.85627669999998,POINT (-4.218200600000004 55.85627669999998),2.2078523426053644
280,"POLYGON ((-4.223200600000004 55.85127669999999, -4.213200600000004 55.85127669999999, -4.213200600000004 55.84127669999999, -4.223200600000004 55.84127669999999, -4.223200600000004 55.85127669999999))",-4.218200600000004,55.8462767,POINT (-4.218200600000004 55.8462767),2.207284307786213
281,"POLYGON ((-4.223200600000004 55.84127669999999, -4.213200600000004 55.84127669999999, -4.213200600000004 55.83127669999999, -4.223200600000004 55.83127669999999, -4.223200600000004 55.84127669999999))",-4.218200600000004,55.836276699999985,POINT (-4.218200600000004 55.83627669999998),2.206716632384277
284,"POLYGON ((-4.223200600000004 55.81127669999999, -4.213200600000004 55.81127669999999, -4.213200600000004 55.8012767, -4.223200600000004 55.8012767, -4.223200600000004 55.81127669999999))",-4.218200600000004,55.80627669999999,POINT (-4.218200600000004 55.80627669999999),2.205015759550802
285,"POLYGON ((-4.223200600000004 55.8012767, -4.213200600000004 55.8012767, -4.213200600000004 55.7912767, -4.223200600000004 55.7912767, -4.223200600000004 55.8012767))",-4.218200600000004,55.79627670000001,POINT (-4.218200600000004 55.79627670000001),2.204449518689877
291,"POLYGON ((-4.213200600000004 55.90127669999998, -4.203200600000004 55.90127669999998, -4.203200600000004 55.89127669999998, -4.213200600000004 55.89127669999998, -4.213200600000004 55.90127669999998))",-4.208200600000004,55.89627669999997,POINT (-4.208200600000004 55.89627669999997),2.2101280822766713
292,"POLYGON ((-4.213200600000004 55.89127669999998, -4.203200600000004 55.89127669999998, -4.203200600000004 55.88127669999998, -4.213200600000004 55.88127669999998, -4.213200600000004 55.89127669999998))",-4.208200600000004,55.886276699999975,POINT (-4.208200600000004 55.88627669999997),2.2095586066722026
293,"POLYGON ((-4.213200600000004 55.88127669999998, -4.203200600000004 55.88127669999998, -4.203200600000004 55.87127669999998, -4.213200600000004 55.87127669999998, -4.213200600000004 55.88127669999998))",-4.208200600000004,55.87627669999998,POINT (-4.208200600000004 55.87627669999998),2.208989491734226
294,"POLYGON ((-4.213200600000004 55.87127669999998, -4.203200600000004 55.87127669999998, -4.203200600000004 55.86127669999998, -4.213200600000004 55.86127669999998, -4.213200600000004 55.87127669999998))",-4.208200600000004,55.86627669999999,POINT (-4.208200600000004 55.86627669999999),2.2084207371465356
295,"POLYGON ((-4.213200600000004 55.86127669999998, -4.203200600000004 55.86127669999998, -4.203200600000004 55.85127669999999, -4.213200600000004 55.85127669999999, -4.213200600000004 55.86127669999998))",-4.208200600000004,55.85627669999998,POINT (-4.208200600000004 55.85627669999998),2.2078523426053644
296,"POLYGON ((-4.213200600000004 55.85127669999999, -4.203200600000004 55.85127669999999, -4.203200600000004 55.84127669999999, -4.213200600000004 55.84127669999999, -4.213200600000004 55.85127669999999))",-4.208200600000004,55.8462767,POINT (-4.208200600000004 55.8462767),2.207284307786213
307,"POLYGON ((-4.203200600000004 55.90127669999998, -4.193200600000004 55.90127669999998, -4.193200600000004 55.89127669999998, -4.203200600000004 55.89127669999998, -4.203200600000004 55.90127669999998))",-4.198200600000005,55.89627669999997,POINT (-4.198200600000005 55.89627669999997),2.2101280822766713
308,"POLYGON ((-4.203200600000004 55.89127669999998, -4.193200600000004 55.89127669999998, -4.193200600000004 55.88127669999998, -4.203200600000004 55.88127669999998, -4.203200600000004 55.89127669999998))",-4.198200600000005,55.886276699999975,POINT (-4.198200600000005 55.88627669999997),2.2095586066722026
309,"POLYGON ((-4.203200600000004 55.88127669999998, -4.193200600000004 55.88127669999998, -4.193200600000004 55.87127669999998, -4.203200600000004 55.87127669999998, -4.203200600000004 55.88127669999998))",-4.198200600000005,55.87627669999998,POINT (-4.198200600000005 55.87627669999998),2.208989491734226
310,"POLYGON ((-4.203200600000004 55.87127669999998, -4.193200600000004 55.87127669999998, -4.193200600000004 55.86127669999998, -4.203200600000004 55.86127669999998, -4.203200600000004 55.87127669999998))",-4.198200600000005,55.86627669999999,POINT (-4.198200600000005 55.86627669999999),2.2084207371465356
311,"POLYGON ((-4.203200600000004 55.86127669999998, -4.193200600000004 55.86127669999998, -4.193200600000004 55.85127669999999, -4.203200600000004 55.85127669999999, -4.203200600000004 55.86127669999998))",-4.198200600000005,55.85627669999998,POINT (-4.198200600000005 55.85627669999998),2.2078523426053644
312,"POLYGON ((-4.203200600000004 55.85127669999999, -4.193200600000004 55.85127669999999, -4.193200600000004 55.84127669999999, -4.203200600000004 55.84127669999999, -4.203200600000004 55.85127669999999))",-4.198200600000005,55.8462767,POINT (-4.198200600000005 55.8462767),2.207284307786213
313,"POLYGON ((-4.203200600000004 55.84127669999999, -4.193200600000004 55.84127669999999, -4.193200600000004 55.83127669999999, -4.203200600000004 55.83127669999999, -4.203200600000004 55.84127669999999))",-4.198200600000005,55.836276699999985,POINT (-4.198200600000005 55.83627669999998),2.206716632384277
323,"POLYGON ((-4.193200600000004 55.90127669999998, -4.183200600000005 55.90127669999998, -4.183200600000005 55.89127669999998, -4.193200600000004 55.89127669999998, -4.193200600000004 55.90127669999998))",-4.1882006000000045,55.89627669999997,POINT (-4.188200600000004 55.89627669999997),2.2101280822766713
324,"POLYGON ((-4.193200600000004 55.89127669999998, -4.183200600000005 55.89127669999998, -4.183200600000005 55.88127669999998, -4.193200600000004 55.88127669999998, -4.193200600000004 55.89127669999998))",-4.1882006000000045,55.886276699999975,POINT (-4.188200600000004 55.88627669999997),2.2095586066722026
325,"POLYGON ((-4.193200600000004 55.88127669999998, -4.183200600000005 55.88127669999998, -4.183200600000005 55.87127669999998, -4.193200600000004 55.87127669999998, -4.193200600000004 55.88127669999998))",-4.1882006000000045,55.87627669999998,POINT (-4.188200600000004 55.87627669999998),2.208989491734226
326,"POLYGON ((-4.193200600000004 55.87127669999998, -4.183200600000005 55.87127669999998, -4.183200600000005 55.86127669999998, -4.193200600000004 55.86127669999998, -4.193200600000004 55.87127669999998))",-4.1882006000000045,55.86627669999999,POINT (-4.188200600000004 55.86627669999999),2.2084207371465356
327,"POLYGON ((-4.193200600000004 55.86127669999998, -4.183200600000005 55.86127669999998, -4.183200600000005 55.85127669999999, -4.193200600000004 55.85127669999999, -4.193200600000004 55.86127669999998))",-4.1882006000000045,55.85627669999998,POINT (-4.188200600000004 55.85627669999998),2.2078523426053644
328,"POLYGON ((-4.193200600000004 55.85127669999999, -4.183200600000005 55.85127669999999, -4.183200600000005 55.84127669999999, -4.193200600000004 55.84127669999999, -4.193200600000004 55.85127669999999))",-4.1882006000000045,55.8462767,POINT (-4.188200600000004 55.8462767),2.207284307786213
339,"POLYGON ((-4.183200600000005 55.90127669999998, -4.173200600000005 55.90127669999998, -4.173200600000005 55.89127669999998, -4.183200600000005 55.89127669999998, -4.183200600000005 55.90127669999998))",-4.178200600000005,55.89627669999997,POINT (-4.178200600000005 55.89627669999997),2.2101280822766713
340,"POLYGON ((-4.183200600000005 55.89127669999998, -4.173200600000005 55.89127669999998, -4.173200600000005 55.88127669999998, -4.183200600000005 55.88127669999998, -4.183200600000005 55.89127669999998))",-4.178200600000005,55.886276699999975,POINT (-4.178200600000005 55.88627669999997),2.2095586066722026
341,"POLYGON ((-4.183200600000005 55.88127669999998, -4.173200600000005 55.88127669999998, -4.173200600000005 55.87127669999998, -4.183200600000005 55.87127669999998, -4.183200600000005 55.88127669999998))",-4.178200600000005,55.87627669999998,POINT (-4.178200600000005 55.87627669999998),2.208989491734226
342,"POLYGON ((-4.183200600000005 55.87127669999998, -4.173200600000005 55.87127669999998, -4.173200600000005 55.86127669999998, -4.183200600000005 55.86127669999998, -4.183200600000005 55.87127669999998))",-4.178200600000005,55.86627669999999,POINT (-4.178200600000005 55.86627669999999),2.2084207371465356
343,"POLYGON ((-4.183200600000005 55.86127669999998, -4.173200600000005 55.86127669999998, -4.173200600000005 55.85127669999999, -4.183200600000005 55.85127669999999, -4.183200600000005 55.86127669999998))",-4.178200600000005,55.85627669999998,POINT (-4.178200600000005 55.85627669999998),2.2078523426053644
344,"POLYGON ((-4.183200600000005 55.85127669999999, -4.173200600000005 55.85127669999999, -4.173200600000005 55.84127669999999, -4.183200600000005 55.84127669999999, -4.183200600000005 55.85127669999999))",-4.178200600000005,55.8462767,POINT (-4.178200600000005 55.8462767),2.207284307786213
345,"POLYGON ((-4.183200600000005 55.84127669999999, -4.173200600000005 55.84127669999999, -4.173200600000005 55.83127669999999, -4.183200600000005 55.83127669999999, -4.183200600000005 55.84127669999999))",-4.178200600000005,55.836276699999985,POINT (-4.178200600000005 55.83627669999998),2.206716632384277
355,"POLYGON ((-4.173200600000005 55.90127669999998, -4.163200600000005 55.90127669999998, -4.163200600000005 55.89127669999998, -4.173200600000005 55.89127669999998, -4.173200600000005 55.90127669999998))",-4.168200600000005,55.89627669999997,POINT (-4.168200600000005 55.89627669999997),2.210128082276787
357,"POLYGON ((-4.173200600000005 55.88127669999998, -4.163200600000005 55.88127669999998, -4.163200600000005 55.87127669999998, -4.173200600000005 55.87127669999998, -4.173200600000005 55.88127669999998))",-4.168200600000005,55.87627669999998,POINT (-4.168200600000005 55.87627669999998),2.2089894917343416
358,"POLYGON ((-4.173200600000005 55.87127669999998, -4.163200600000005 55.87127669999998, -4.163200600000005 55.86127669999998, -4.173200600000005 55.86127669999998, -4.173200600000005 55.87127669999998))",-4.168200600000005,55.86627669999999,POINT (-4.168200600000005 55.86627669999999),2.208420737146651
359,"POLYGON ((-4.173200600000005 55.86127669999998, -4.163200600000005 55.86127669999998, -4.163200600000005 55.85127669999999, -4.173200600000005 55.85127669999999, -4.173200600000005 55.86127669999998))",-4.168200600000005,55.85627669999998,POINT (-4.168200600000005 55.85627669999998),2.20785234260548
360,"POLYGON ((-4.173200600000005 55.85127669999999, -4.163200600000005 55.85127669999999, -4.163200600000005 55.84127669999999, -4.173200600000005 55.84127669999999, -4.173200600000005 55.85127669999999))",-4.168200600000005,55.8462767,POINT (-4.168200600000005 55.8462767),2.207284307786328
361,"POLYGON ((-4.173200600000005 55.84127669999999, -4.163200600000005 55.84127669999999, -4.163200600000005 55.83127669999999, -4.173200600000005 55.83127669999999, -4.173200600000005 55.84127669999999))",-4.168200600000005,55.836276699999985,POINT (-4.168200600000005 55.83627669999998),2.2067166323843925
362,"POLYGON ((-4.173200600000005 55.83127669999999, -4.163200600000005 55.83127669999999, -4.163200600000005 55.82127669999999, -4.173200600000005 55.82127669999999, -4.173200600000005 55.83127669999999))",-4.168200600000005,55.82627669999999,POINT (-4.168200600000005 55.82627669999999),2.206149316083466
373,"POLYGON ((-4.163200600000005 55.88127669999998, -4.153200600000005 55.88127669999998, -4.153200600000005 55.87127669999998, -4.163200600000005 55.87127669999998, -4.163200600000005 55.88127669999998))",-4.158200600000005,55.87627669999998,POINT (-4.158200600000005 55.87627669999998),2.208989491734226
374,"POLYGON ((-4.163200600000005 55.87127669999998, -4.153200600000005 55.87127669999998, -4.153200600000005 55.86127669999998, -4.163200600000005 55.86127669999998, -4.163200600000005 55.87127669999998))",-4.158200600000005,55.86627669999999,POINT (-4.158200600000005 55.86627669999999),2.2084207371465356
375,"POLYGON ((-4.163200600000005 55.86127669999998, -4.153200600000005 55.86127669999998, -4.153200600000005 55.85127669999999, -4.163200600000005 55.85127669999999, -4.163200600000005 55.86127669999998))",-4.158200600000005,55.85627669999998,POINT (-4.158200600000005 55.85627669999998),2.2078523426053644
376,"POLYGON ((-4.163200600000005 55.85127669999999, -4.153200600000005 55.85127669999999, -4.153200600000005 55.84127669999999, -4.163200600000005 55.84127669999999, -4.163200600000005 55.85127669999999))",-4.158200600000005,55.8462767,POINT (-4.158200600000005 55.8462767),2.207284307786213
377,"POLYGON ((-4.163200600000005 55.84127669999999, -4.153200600000005 55.84127669999999, -4.153200600000005 55.83127669999999, -4.163200600000005 55.83127669999999, -4.163200600000005 55.84127669999999))",-4.158200600000005,55.836276699999985,POINT (-4.158200600000005 55.83627669999998),2.206716632384277
389,"POLYGON ((-4.153200600000005 55.88127669999998, -4.143200600000005 55.88127669999998, -4.143200600000005 55.87127669999998, -4.153200600000005 55.87127669999998, -4.153200600000005 55.88127669999998))",-4.148200600000005,55.87627669999998,POINT (-4.148200600000005 55.87627669999998),2.208989491734226
390,"POLYGON ((-4.153200600000005 55.87127669999998, -4.143200600000005 55.87127669999998, -4.143200600000005 55.86127669999998, -4.153200600000005 55.86127669999998, -4.153200600000005 55.87127669999998))",-4.148200600000005,55.86627669999999,POINT (-4.148200600000005 55.86627669999999),2.2084207371465356
391,"POLYGON ((-4.153200600000005 55.86127669999998, -4.143200600000005 55.86127669999998, -4.143200600000005 55.85127669999999, -4.153200600000005 55.85127669999999, -4.153200600000005 55.86127669999998))",-4.148200600000005,55.85627669999998,POINT (-4.148200600000005 55.85627669999998),2.2078523426053644
392,"POLYGON ((-4.153200600000005 55.85127669999999, -4.143200600000005 55.85127669999999, -4.143200600000005 55.84127669999999, -4.153200600000005 55.84127669999999, -4.153200600000005 55.85127669999999))",-4.148200600000005,55.8462767,POINT (-4.148200600000005 55.8462767),2.207284307786213
393,"POLYGON ((-4.153200600000005 55.84127669999999, -4.143200600000005 55.84127669999999, -4.143200600000005 55.83127669999999, -4.153200600000005 55.83127669999999, -4.153200600000005 55.84127669999999))",-4.148200600000005,55.836276699999985,POINT (-4.148200600000005 55.83627669999998),2.206716632384277
405,"POLYGON ((-4.143200600000005 55.88127669999998, -4.133200600000006 55.88127669999998, -4.133200600000006 55.87127669999998, -4.143200600000005 55.87127669999998, -4.143200600000005 55.88127669999998))",-4.138200600000006,55.87627669999998,POINT (-4.138200600000006 55.87627669999998),2.208989491734226
406,"POLYGON ((-4.143200600000005 55.87127669999998, -4.133200600000006 55.87127669999998, -4.133200600000006 55.86127669999998, -4.143200600000005 55.86127669999998, -4.143200600000005 55.87127669999998))",-4.138200600000006,55.86627669999999,POINT (-4.138200600000006 55.86627669999999),2.2084207371465356
407,"POLYGON ((-4.143200600000005 55.86127669999998, -4.133200600000006 55.86127669999998, -4.133200600000006 55.85127669999999, -4.143200600000005 55.85127669999999, -4.143200600000005 55.86127669999998))",-4.138200600000006,55.85627669999998,POINT (-4.138200600000006 55.85627669999998),2.2078523426053644
408,"POLYGON ((-4.143200600000005 55.85127669999999, -4.133200600000006 55.85127669999999, -4.133200600000006 55.84127669999999, -4.143200600000005 55.84127669999999, -4.143200600000005 55.85127669999999))",-4.138200600000006,55.8462767,POINT (-4.138200600000006 55.8462767),2.207284307786213
409,"POLYGON ((-4.143200600000005 55.84127669999999, -4.133200600000006 55.84127669999999, -4.133200600000006 55.83127669999999, -4.143200600000005 55.83127669999999, -4.143200600000005 55.84127669999999))",-4.138200600000006,55.836276699999985,POINT (-4.138200600000006 55.83627669999998),2.206716632384277
421,"POLYGON ((-4.133200600000006 55.88127669999998, -4.123200600000006 55.88127669999998, -4.123200600000006 55.87127669999998, -4.133200600000006 55.87127669999998, -4.133200600000006 55.88127669999998))",-4.128200600000006,55.87627669999998,POINT (-4.128200600000006 55.87627669999998),2.208989491734226
422,"POLYGON ((-4.133200600000006 55.87127669999998, -4.123200600000006 55.87127669999998, -4.123200600000006 55.86127669999998, -4.133200600000006 55.86127669999998, -4.133200600000006 55.87127669999998))",-4.128200600000006,55.86627669999999,POINT (-4.128200600000006 55.86627669999999),2.2084207371465356
423,"POLYGON ((-4.133200600000006 55.86127669999998, -4.123200600000006 55.86127669999998, -4.123200600000006 55.85127669999999, -4.133200600000006 55.85127669999999, -4.133200600000006 55.86127669999998))",-4.128200600000006,55.85627669999998,POINT (-4.128200600000006 55.85627669999998),2.2078523426053644
424,"POLYGON ((-4.133200600000006 55.85127669999999, -4.123200600000006 55.85127669999999, -4.123200600000006 55.84127669999999, -4.133200600000006 55.84127669999999, -4.133200600000006 55.85127669999999))",-4.128200600000006,55.8462767,POINT (-4.128200600000006 55.8462767),2.207284307786213
425,"POLYGON ((-4.133200600000006 55.84127669999999, -4.123200600000006 55.84127669999999, -4.123200600000006 55.83127669999999, -4.133200600000006 55.83127669999999, -4.133200600000006 55.84127669999999))",-4.128200600000006,55.836276699999985,POINT (-4.128200600000006 55.83627669999998),2.206716632384277
437,"POLYGON ((-4.123200600000006 55.88127669999998, -4.113200600000006 55.88127669999998, -4.113200600000006 55.87127669999998, -4.123200600000006 55.87127669999998, -4.123200600000006 55.88127669999998))",-4.118200600000006,55.87627669999998,POINT (-4.118200600000006 55.87627669999998),2.208989491734226
438,"POLYGON ((-4.123200600000006 55.87127669999998, -4.113200600000006 55.87127669999998, -4.113200600000006 55.86127669999998, -4.123200600000006 55.86127669999998, -4.123200600000006 55.87127669999998))",-4.118200600000006,55.86627669999999,POINT (-4.118200600000006 55.86627669999999),2.2084207371465356
439,"POLYGON ((-4.123200600000006 55.86127669999998, -4.113200600000006 55.86127669999998, -4.113200600000006 55.85127669999999, -4.123200600000006 55.85127669999999, -4.123200600000006 55.86127669999998))",-4.118200600000006,55.85627669999998,POINT (-4.118200600000006 55.85627669999998),2.2078523426053644
440,"POLYGON ((-4.123200600000006 55.85127669999999, -4.113200600000006 55.85127669999999, -4.113200600000006 55.84127669999999, -4.123200600000006 55.84127669999999, -4.123200600000006 55.85127669999999))",-4.118200600000006,55.8462767,POINT (-4.118200600000006 55.8462767),2.207284307786213
441,"POLYGON ((-4.123200600000006 55.84127669999999, -4.113200600000006 55.84127669999999, -4.113200600000006 55.83127669999999, -4.123200600000006 55.83127669999999, -4.123200600000006 55.84127669999999))",-4.118200600000006,55.836276699999985,POINT (-4.118200600000006 55.83627669999998),2.206716632384277
452,"POLYGON ((-4.113200600000006 55.89127669999998, -4.103200600000006 55.89127669999998, -4.103200600000006 55.88127669999998, -4.113200600000006 55.88127669999998, -4.113200600000006 55.89127669999998))",-4.108200600000006,55.886276699999975,POINT (-4.108200600000006 55.88627669999997),2.2095586066722026
453,"POLYGON ((-4.113200600000006 55.88127669999998, -4.103200600000006 55.88127669999998, -4.103200600000006 55.87127669999998, -4.113200600000006 55.87127669999998, -4.113200600000006 55.88127669999998))",-4.108200600000006,55.87627669999998,POINT (-4.108200600000006 55.87627669999998),2.208989491734226
454,"POLYGON ((-4.113200600000006 55.87127669999998, -4.103200600000006 55.87127669999998, -4.103200600000006 55.86127669999998, -4.113200600000006 55.86127669999998, -4.113200600000006 55.87127669999998))",-4.108200600000006,55.86627669999999,POINT (-4.108200600000006 55.86627669999999),2.2084207371465356
455,"POLYGON ((-4.113200600000006 55.86127669999998, -4.103200600000006 55.86127669999998, -4.103200600000006 55.85127669999999, -4.113200600000006 55.85127669999999, -4.113200600000006 55.86127669999998))",-4.108200600000006,55.85627669999998,POINT (-4.108200600000006 55.85627669999998),2.2078523426053644
456,"POLYGON ((-4.113200600000006 55.85127669999999, -4.103200600000006 55.85127669999999, -4.103200600000006 55.84127669999999, -4.113200600000006 55.84127669999999, -4.113200600000006 55.85127669999999))",-4.108200600000006,55.8462767,POINT (-4.108200600000006 55.8462767),2.207284307786213
457,"POLYGON ((-4.113200600000006 55.84127669999999, -4.103200600000006 55.84127669999999, -4.103200600000006 55.83127669999999, -4.113200600000006 55.83127669999999, -4.113200600000006 55.84127669999999))",-4.108200600000006,55.836276699999985,POINT (-4.108200600000006 55.83627669999998),2.206716632384277
469,"POLYGON ((-4.103200600000006 55.88127669999998, -4.093200600000007 55.88127669999998, -4.093200600000007 55.87127669999998, -4.103200600000006 55.87127669999998, -4.103200600000006 55.88127669999998))",-4.098200600000006,55.87627669999998,POINT (-4.098200600000006 55.87627669999998),2.2089894917343416
470,"POLYGON ((-4.103200600000006 55.87127669999998, -4.093200600000007 55.87127669999998, -4.093200600000007 55.86127669999998, -4.103200600000006 55.86127669999998, -4.103200600000006 55.87127669999998))",-4.098200600000006,55.86627669999999,POINT (-4.098200600000006 55.86627669999999),2.208420737146651
471,"POLYGON ((-4.103200600000006 55.86127669999998, -4.093200600000007 55.86127669999998, -4.093200600000007 55.85127669999999, -4.103200600000006 55.85127669999999, -4.103200600000006 55.86127669999998))",-4.098200600000006,55.85627669999998,POINT (-4.098200600000006 55.85627669999998),2.20785234260548
472,"POLYGON ((-4.103200600000006 55.85127669999999, -4.093200600000007 55.85127669999999, -4.093200600000007 55.84127669999999, -4.103200600000006 55.84127669999999, -4.103200600000006 55.85127669999999))",-4.098200600000006,55.8462767,POINT (-4.098200600000006 55.8462767),2.207284307786328
485,"POLYGON ((-4.093200600000007 55.88127669999998, -4.083200600000007 55.88127669999998, -4.083200600000007 55.87127669999998, -4.093200600000007 55.87127669999998, -4.093200600000007 55.88127669999998))",-4.088200600000006,55.87627669999998,POINT (-4.088200600000006 55.87627669999998),2.208989491739771
486,"POLYGON ((-4.093200600000007 55.87127669999998, -4.083200600000007 55.87127669999998, -4.083200600000007 55.86127669999998, -4.093200600000007 55.86127669999998, -4.093200600000007 55.87127669999998))",-4.088200600000006,55.86627669999999,POINT (-4.088200600000006 55.86627669999999),2.2084207371520788
487,"POLYGON ((-4.093200600000007 55.86127669999998, -4.083200600000007 55.86127669999998, -4.083200600000007 55.85127669999999, -4.093200600000007 55.85127669999999, -4.093200600000007 55.86127669999998))",-4.088200600000006,55.85627669999998,POINT (-4.088200600000006 55.85627669999998),2.207852342610906
488,"POLYGON ((-4.093200600000007 55.85127669999999, -4.083200600000007 55.85127669999999, -4.083200600000007 55.84127669999999, -4.093200600000007 55.84127669999999, -4.093200600000007 55.85127669999999))",-4.088200600000006,55.8462767,POINT (-4.088200600000006 55.8462767),2.2072843077917526
502,"POLYGON ((-4.083200600000007 55.87127669999998, -4.073200600000007 55.87127669999998, -4.073200600000007 55.86127669999998, -4.083200600000007 55.86127669999998, -4.083200600000007 55.87127669999998))",-4.078200600000007,55.86627669999999,POINT (-4.078200600000007 55.86627669999999),2.2084207371465356
504,"POLYGON ((-4.083200600000007 55.85127669999999, -4.073200600000007 55.85127669999999, -4.073200600000007 55.84127669999999, -4.083200600000007 55.84127669999999, -4.083200600000007 55.85127669999999))",-4.078200600000007,55.8462767,POINT (-4.078200600000007 55.8462767),2.207284307786213
